window_start,window_end,window_days,px_start_date,px_end_date,trading_days,mstr_return,btc_return,shares_sold,net_proceeds_usd,format,implied_px_ratio,price_subst_flag,nonstandard_window
2024-11-11,2024-11-17,6,2024-11-08,2024-11-15,5,0.259707,0.190303,13593865,4600000000.0,A_prose,1.1075,False,False
2024-11-18,2024-11-24,6,2024-11-15,2024-11-22,5,0.238456,0.086437,5597849,2460000000.0,A_prose,1.1526,False,False
2024-11-25,2024-12-01,6,2024-11-22,2024-11-29,4,-0.081563,-0.014639,3728507,1480000000.0,A_prose,0.9809,False,False
2024-12-02,2024-12-08,6,2024-11-29,2024-12-06,5,0.01946,0.023572,5418449,2130000000.0,A_prose,1.0048,False,False
2024-12-09,2024-12-15,6,2024-12-06,2024-12-13,5,0.034581,0.016568,3884712,1540000000.0,A_prose,0.9865,False,False
2024-12-16,2024-12-22,6,2024-12-13,2024-12-20,5,-0.108816,-0.035631,1317841,561000000.0,A_prose,1.1016,False,False
2024-12-23,2024-12-29,6,2024-12-20,2024-12-27,4,-0.093904,-0.036058,592987,209000000.0,A_prose,1.0154,False,False
2024-12-30,2024-12-31,1,2024-12-27,2024-12-31,2,-0.122364,-0.007642,319586,101000000.0,A_prose,1.0201,False,True
2025-01-06,2025-01-12,6,2025-01-03,2025-01-10,4,-0.034593,-0.034369,710425,243000000.0,A_prose,1.0248,False,False
2025-01-13,2025-01-20,7,2025-01-10,2025-01-17,5,0.209173,0.098367,3012072,1100000000.0,A_prose,1.0083,True,False
2025-01-21,2025-01-26,5,2025-01-17,2025-01-24,4,-0.10802,0.007205,2765157,1100000000.0,A_prose,1.0606,False,False
2025-01-27,2025-02-02,6,2025-01-24,2025-01-31,5,-0.053383,-0.02232,0,0.0,A_prose_zero,,False,False
2025-02-03,2025-02-09,6,2025-01-31,2025-02-07,5,-0.021596,-0.058498,516413,179000000.0,A_prose,1.0466,False,False
2025-02-10,2025-02-17,7,2025-02-07,2025-02-14,5,0.031048,0.010321,0,0.0,A_prose_zero,,True,False
2025-02-18,2025-02-23,5,2025-02-14,2025-02-21,4,-0.112634,-0.012308,0,0.0,A_prose_zero,,False,False
2025-02-24,2025-03-02,6,2025-02-21,2025-02-28,5,-0.147686,-0.1246,0,0.0,A_prose_zero,,False,False
2025-03-03,2025-03-09,6,2025-02-28,2025-03-07,5,0.1243,0.029051,0,0.0,A_prose_zero,,False,False
2025-03-10,2025-03-16,6,2025-03-07,2025-03-14,5,0.035901,-0.032795,0,0.0,A_prose_zero,,False,False
2025-03-17,2025-03-23,6,2025-03-14,2025-03-21,5,0.021883,0.001752,1975000,592600000.0,A_prose,0.9977,False,False
2025-03-24,2025-03-30,6,2025-03-21,2025-03-28,5,-0.047993,0.00389,3645528,1200000000.0,C_table,1.1094,False,False
2025-03-31,2025-04-06,6,2025-03-28,2025-04-04,5,0.014512,-0.006009,0,0.0,A_prose_zero,,False,False
2025-04-07,2025-04-13,6,2025-04-04,2025-04-11,5,0.021696,-0.005663,959712,285700000.0,C_table,1.003,False,False
2025-04-14,2025-04-20,6,2025-04-11,2025-04-17,4,0.057404,0.018082,1755000,547700000.0,C_table,1.0113,True,False
2025-04-21,2025-04-27,6,2025-04-17,2025-04-25,5,0.16239,0.113798,4020000,1400000000.0,C_table,1.0155,False,False
2025-04-28,2025-05-04,6,2025-04-25,2025-05-02,5,0.069594,0.024448,0,0.0,C_table_zero,,False,False
2025-05-05,2025-05-11,6,2025-05-02,2025-05-09,5,0.054923,0.063347,3222875,1310000000.0,C_table,1.0031,False,False
2025-05-12,2025-05-18,6,2025-05-09,2025-05-16,5,-0.039012,0.004689,1712708,705700000.0,C_table,1.0101,False,False
2025-05-26,2025-06-01,6,2025-05-23,2025-05-30,4,-0.001218,-0.031358,0,0.0,C_table_zero,,False,False
2025-06-02,2025-06-08,6,2025-05-30,2025-06-06,5,0.014659,0.002308,0,0.0,C_table_zero,,False,False
2025-06-09,2025-06-15,6,2025-06-06,2025-06-13,5,0.022432,0.017133,0,0.0,C_table_zero,,False,False
2025-06-16,2025-06-22,6,2025-06-13,2025-06-20,4,-0.034398,-0.026134,0,0.0,C_table_zero,,False,False
2025-06-23,2025-06-29,6,2025-06-20,2025-06-27,5,0.038355,0.036413,1354500,519500000.0,C_table,1.0179,False,False
2025-06-30,2025-07-06,6,2025-06-27,2025-07-03,4,0.052386,0.02365,0,0.0,C_table_zero,,True,False
2025-07-07,2025-07-13,6,2025-07-03,2025-07-11,5,0.07572,0.0735,797008,330900000.0,C_table,0.9902,False,False
2025-07-14,2025-07-20,6,2025-07-11,2025-07-18,5,-0.02614,0.002925,1636373,736400000.0,C_table,1.0492,False,False
2025-07-21,2025-07-27,6,2025-07-18,2025-07-25,5,-0.040948,-0.001874,0,0.0,C_table_zero,,False,False
2025-07-28,2025-08-03,6,2025-07-25,2025-08-01,5,-0.096726,-0.038284,0,0.0,C_table_zero,,False,False
2025-08-04,2025-08-10,6,2025-08-01,2025-08-08,5,0.077735,0.030737,0,0.0,C_table_zero,,False,False
2025-08-11,2025-08-17,6,2025-08-08,2025-08-15,5,-0.072913,0.005553,0,0.0,C_table_zero,,False,False
2025-08-18,2025-08-24,6,2025-08-15,2025-08-22,5,-0.022358,-0.003272,875301,309900000.0,C_table,0.9774,False,False
2025-08-26,2025-09-01,6,2025-08-25,2025-08-29,4,-0.025612,-0.016469,1237000,425300000.0,C_table,1.0148,True,False
2025-09-02,2025-09-07,5,2025-08-29,2025-09-05,4,0.004366,0.021379,591606,200500000.0,C_table,1.0112,False,False
2025-09-08,2025-09-14,6,2025-09-05,2025-09-12,5,-0.01319,0.048596,0,0.0,C_table_zero,,False,False
2025-09-15,2025-09-21,6,2025-09-12,2025-09-19,5,0.040158,-0.003008,0,80600000.0,C_table,,False,False
2025-09-22,2025-09-28,6,2025-09-19,2025-09-26,5,-0.103524,-0.052389,347352,116400000.0,C_table,1.0251,False,False
2025-09-29,2025-10-05,6,2025-09-26,2025-10-03,5,0.13774,0.115423,0,0.0,C_table_zero,,False,False
2025-10-13,2025-10-19,6,2025-10-10,2025-10-17,5,-0.048952,-0.056447,0,0.0,C_table_zero,,False,False
2025-10-20,2025-10-26,6,2025-10-17,2025-10-24,5,-0.002725,0.043836,0,0.0,C_table_zero,,False,False
2025-10-27,2025-11-02,6,2025-10-24,2025-10-31,5,-0.067697,-0.013263,183501,54400000.0,C_table,1.0614,False,False
2025-11-03,2025-11-09,6,2025-10-31,2025-11-07,5,-0.102334,-0.05737,0,0.0,B_table_split,,False,False
2025-11-10,2025-11-16,6,2025-11-07,2025-11-14,5,-0.174348,-0.083892,0,0.0,B_table_split,,False,False
2025-12-01,2025-12-07,6,2025-11-28,2025-12-05,5,0.010216,-0.017041,5127684,928100000.0,B_table_split,1.0164,False,False
2025-12-08,2025-12-14,6,2025-12-05,2025-12-12,5,-0.014191,0.01046,4789664,888200000.0,B_table_split,1.0434,False,False
2025-12-15,2025-12-21,6,2025-12-12,2025-12-19,5,-0.065911,-0.023673,4535000,747800000.0,B_table_split,0.9664,False,False
2025-12-22,2025-12-28,6,2025-12-19,2025-12-26,4,-0.036464,-0.008548,663450,108800000.0,B_table_split,1.0134,False,False
2025-12-29,2025-12-31,2,2025-12-26,2025-12-31,3,-0.043196,0.003355,1255911,195900000.0,B_table_split,1.0039,False,True
2026-01-05,2026-01-11,6,2026-01-02,2026-01-09,5,0.001082,0.007984,6827695,1128500000.0,B_table_split,1.0511,False,False
2026-01-12,2026-01-19,7,2026-01-09,2026-01-16,5,0.104112,0.054451,10399650,1827300000.0,B_table_split,1.0616,True,False
2026-01-20,2026-01-25,5,2026-01-16,2026-01-23,4,-0.061021,-0.063126,1569770,257000000.0,B_table_split,0.9721,False,False
2026-01-26,2026-02-01,6,2026-01-23,2026-01-30,5,-0.082153,-0.059306,673527,106100000.0,B_table_split,1.0072,False,False
2026-02-02,2026-02-08,6,2026-01-30,2026-02-06,5,-0.098724,-0.162925,616715,89500000.0,B_table_split,1.0197,False,False
2026-02-09,2026-02-16,7,2026-02-06,2026-02-13,5,-0.007782,-0.024023,660000,90500000.0,B_table_split,1.0202,True,False
2026-02-17,2026-02-22,5,2026-02-13,2026-02-20,4,-0.021138,-0.012234,297940,39700000.0,B_table_split,1.0059,False,False
2026-02-23,2026-03-01,6,2026-02-20,2026-02-27,5,-0.011828,-0.031524,1730563,229900000.0,B_table_split,1.0197,False,False
2026-03-02,2026-03-08,6,2026-02-27,2026-03-06,5,0.03112,0.034099,6327541,899500000.0,B_table,1.0809,False,False
2026-03-09,2026-03-15,6,2026-03-06,2026-03-13,5,0.045982,0.041406,2833668,396000000.0,B_table_split,1.023,False,False
2026-03-16,2026-03-22,6,2026-03-13,2026-03-20,5,-0.02871,-0.006022,509111,76500000.0,B_table_split,1.0915,False,False
2026-03-23,2026-03-29,6,2026-03-20,2026-03-27,5,-0.070986,-0.057865,0,0.0,A_prose_zero,,False,False
2026-03-30,2026-03-31,1,2026-03-27,2026-03-31,2,-0.00976,0.027833,582550,72000000.0,B_table_split,0.9855,False,True
2026-04-06,2026-04-12,6,2026-04-02,2026-04-10,5,0.073521,0.090629,0,0.0,B_table_split,,False,False
2026-04-13,2026-04-19,6,2026-04-10,2026-04-17,5,0.294465,0.056153,2165000,366000000.0,B_table_split,1.1455,False,False
2026-04-20,2026-04-26,6,2026-04-17,2026-04-24,5,0.027024,0.004947,1451601,255000000.0,B_table_split,1.0409,False,False
2026-04-27,2026-05-03,6,2026-04-24,2026-05-01,5,0.035961,0.010168,492210,82000000.0,B_table_split,0.9569,False,False
2026-05-04,2026-05-10,6,2026-05-01,2026-05-08,5,0.058814,0.025106,231324,42900000.0,B_table_split,1.0169,False,False
2026-05-11,2026-05-17,6,2026-05-08,2026-05-15,5,-0.054214,-0.013587,430344,83700000.0,B_table_split,1.0657,False,False
2026-05-18,2026-05-25,7,2026-05-15,2026-05-22,5,-0.098805,-0.045065,0,0.0,A_prose_zero,,True,False
2026-05-26,2026-05-31,5,2026-05-22,2026-05-29,4,-0.005003,-0.027404,801994,128300000.0,B_table_split,1.003,False,False
2026-06-01,2026-06-07,6,2026-05-29,2026-06-05,5,-0.242944,-0.168839,1409600,181000000.0,B_table_split,0.9187,False,False
2026-06-08,2026-06-14,6,2026-06-05,2026-06-12,5,0.029309,0.04142,1732553,209000000.0,B_table_split,0.9871,False,False
2026-06-15,2026-06-21,6,2026-06-12,2026-06-18,4,-0.09228,-0.009849,2714839,335500000.0,B_table_split,1.0451,True,False
2026-06-22,2026-06-28,6,2026-06-18,2026-06-26,5,-0.268551,-0.04546,12669017,1152400000.0,B_table_split,0.9337,False,False
2026-06-29,2026-07-05,6,2026-06-26,2026-07-02,4,0.224274,0.025186,0,0.0,A_prose_zero,,True,False
2026-07-06,2026-07-12,6,2026-07-02,2026-07-10,5,-0.060832,0.041697,4818781,466700000.0,B_table_split,0.9913,False,False
2026-07-13,2026-07-19,6,2026-07-10,2026-07-17,5,0.002219,-0.003538,2732318,263500000.0,B_table_split,1.0179,False,False
2026-07-20,2026-07-26,6,2026-07-17,2026-07-24,5,-0.033527,0.00305,5429160,544500000.0,B_table_split,1.0754,False,False
2026-07-27,2026-08-02,6,2026-07-24,2026-07-31,5,0.017563,-0.019759,3011361,290600000.0,B_table_split,1.0435,False,False
2026-08-03,2026-08-09,6,2026-07-31,2026-08-07,5,0.072148,0.03228,6585682,653100000.0,B_table_split,1.0261,False,False
2026-08-10,2026-08-16,6,2026-08-07,2026-08-14,5,-0.069693,-0.028604,3458866,333700000.0,B_table_split,0.9995,False,False
2026-08-17,2026-08-23,6,2026-08-14,2026-08-21,5,0.281707,0.243602,18261118,2006500000.0,B_table_split,1.0352,False,False
2026-08-24,2026-08-30,6,2026-08-21,2026-08-28,5,0.067589,-0.00703,4531421,602800000.0,B_table_split,1.0791,False,False
2026-08-31,2026-09-07,7,2026-08-28,2026-09-04,5,0.121672,0.023011,0,0.0,A_prose_zero,,True,False
2026-09-08,2026-09-13,5,2026-09-04,2026-09-11,4,-0.082843,-0.030682,0,0.0,A_prose_zero,,False,False
